{"00_mtkruto":[1783102951,[2097152000,[1783102694.73,1783102815.2,1783102816.97,1783102951.112]]],"01_fasttelethon":[1783102971,[2097152000,[1783102706.7547376,1783102840.8679934,1783102840.8679945,1783102970.9754953],"1.39.0"]],"02_mtcute":[1783103071,[2097152000,[1783102791.631,1783102912.939,1783102915.833,1783103040.885]]],"03_telethon":[1782761089,[2097152000,[1782760304.7197242,1782760744.8892348,1782760744.8892353,1782761089.4378285],"1.39.0"]],"04_tdlib":[1783102960,[2097152000,[1783102719,1783102834,1783102834,1783102960]]],"05_wtelegramclient":[1782765441,[2097152000,[1782765126.076,1782765276.331,1782765277.342,1782765441.498],"4.4.6"]],"06_madelineproto":[1782758904,[2097152000,[1782758411.370438,1782758640.930648,1782758641.360555,1782758904.404734],"8.6.5"]],"07_pyrogrammod":[1782762020,[2097152000,[1782761136.3937862,1782761303.692702,1782761303.6927028,1782762020.334187],"2.3.1"]],"08_gogram":[1782760065,[2097152000,[1782759695.406,1782759916.054,1782759916.054,1782760054.588],"1.7.6b"]],"09_mtgo":[1783102998,[2097152000,[1783102703.163,1783102877.429,1783102877.429,1783102997.385],"0.10.3-0.20260629121906-4e5e4a052c34"]],"10_gotd":[1783103073,[2097152000,[1783102701.526,1783102884.222,1783102884.222,1783103072.658],"0.159.0"]]}