{"00_mtkruto":[1783271903,[2097152000,[1783271659.44,1783271780.147,1783271781.847,1783271903.633]]],"01_fasttelethon":[1783271927,[2097152000,[1783271672.9173176,1783271801.3182926,1783271801.3182938,1783271926.390129],"1.39.0"]],"02_mtcute":[1783271938,[2097152000,[1783271662.277,1783271781.949,1783271784.291,1783271908.215]]],"03_telethon":[1783272080,[2097152000,[1783271668.6132867,1783271887.016728,1783271887.0167286,1783272080.7382355],"1.39.0"]],"04_tdlib":[1783271919,[2097152000,[1783271676,1783271798,1783271798,1783271919]]],"05_wtelegramclient":[1783103220,[2097152000,[1783102710.691,1783102961.657,1783102962.667,1783103220.335],"4.4.6"]],"06_madelineproto":[1783103347,[2097152000,[1783102727.071452,1783103155.817133,1783103155.817157,1783103347.112285],"8.6.5"]],"07_pyrogrammod":[1783103333,[2097152000,[1783102707.58305,1783102875.2031827,1783102875.2031834,1783103333.0494697],"2.3.1"]],"08_gogram":[1783272088,[2097152000,[1783271665.912,1783271936.18,1783271936.18,1783272077.787],"1.7.6b"]],"09_mtgo":[1783272024,[2097152000,[1783271664.232,1783271872.617,1783271872.617,1783272023.654],"0.10.3-0.20260629121906-4e5e4a052c34"]],"10_gotd":[1783272022,[2097152000,[1783271677.629,1783271842.932,1783271842.932,1783272021.101],"0.159.0"]]}